{"coverage": 63.716814159292035, "raw_data": {"meta": {"version": "7.4.0", "timestamp": "2024-01-01T23:09:05.928090", "branch_coverage": true, "show_contexts": false}, "files": {"pytest_call_checker/__init__.py": {"executed_lines": [13, 14, 17, 18, 33, 34, 39, 49, 50, 51, 54, 55, 57, 59, 65, 68, 69, 70, 71, 73, 74, 76, 77, 78, 83, 84, 86, 98, 104, 105, 107, 108, 111, 114, 115, 120, 122, 125, 126, 128, 129, 132, 134, 135, 136, 137, 138, 140, 141, 143, 147, 150, 151, 153, 154, 163, 166, 167, 177, 178, 181, 184, 187, 200, 202, 203, 204, 206, 207, 208, 209, 210], "summary": {"covered_lines": 72, "num_statements": 113, "percent_covered": 67.09677419354838, "percent_covered_display": "67", "missing_lines": 41, "excluded_lines": 2, "num_branches": 42, "num_partial_branches": 2, "covered_branches": 32, "missing_branches": 10}, "missing_lines": [1, 3, 4, 5, 7, 10, 11, 21, 22, 25, 26, 27, 28, 29, 30, 32, 42, 43, 64, 67, 91, 110, 113, 124, 130, 145, 146, 149, 165, 173, 174, 176, 180, 183, 185, 190, 191, 194, 195, 198, 199], "excluded_lines": [52, 56], "executed_branches": [[17, -10], [17, 18], [34, -34], [34, 34], [34, 39], [39, -39], [39, -32], [39, 39], [73, 74], [73, 76], [76, 77], [76, 86], [86, -86], [86, -67], [86, 86], [115, 120], [115, 122], [125, 126], [125, 128], [128, 129], [128, 143], [129, 132], [134, 135], [134, 140], [140, 128], [140, 141], [166, -165], [166, 167], [167, -167], [167, -165], [167, 167], [184, 187], [208, -198], [208, 209], [209, -198], [209, 210]], "missing_branches": [[11, 10], [11, 21], [25, 26], [25, 27], [129, 130], [146, 145], [146, 149], [184, 185], [199, -1], [199, 198]]}}, "totals": {"covered_lines": 72, "num_statements": 113, "percent_covered": 67.09677419354838, "percent_covered_display": "67", "missing_lines": 41, "excluded_lines": 2, "num_branches": 42, "num_partial_branches": 2, "covered_branches": 32, "missing_branches": 10}}, "coverage_path": "."}