{"coverage": 63.716814159292035, "raw_data": {"meta": {"format": 3, "version": "7.6.1", "timestamp": "2024-08-09T21:33:23.852155", "branch_coverage": true, "show_contexts": false}, "files": {"pytest_call_checker/__init__.py": {"executed_lines": [13, 14, 17, 18, 33, 34, 39, 49, 50, 51, 54, 55, 57, 59, 65, 68, 69, 70, 71, 73, 74, 76, 77, 78, 83, 84, 86, 98, 104, 105, 107, 108, 111, 114, 115, 120, 122, 125, 126, 128, 129, 132, 134, 135, 136, 137, 138, 140, 141, 143, 147, 150, 151, 153, 154, 163, 166, 167, 177, 178, 181, 184, 187, 200, 202, 203, 204, 206, 207, 208, 209, 210], "summary": {"covered_lines": 72, "num_statements": 113, "percent_covered": 66.66666666666667, "percent_covered_display": "67", "missing_lines": 41, "excluded_lines": 2, "num_branches": 40, "num_partial_branches": 2, "covered_branches": 30, "missing_branches": 10}, "missing_lines": [1, 3, 4, 5, 7, 10, 11, 21, 22, 25, 26, 27, 28, 29, 30, 32, 42, 43, 64, 67, 91, 110, 113, 124, 130, 145, 146, 149, 165, 173, 174, 176, 180, 183, 185, 190, 191, 194, 195, 198, 199], "excluded_lines": [52, 56], "executed_branches": [[17, -10], [17, 18], [39, -39], [39, -32], [39, 39], [73, 74], [73, 76], [76, 77], [76, 86], [86, -86], [86, -67], [86, 86], [115, 120], [115, 122], [125, 126], [125, 128], [128, 129], [128, 143], [129, 132], [134, 135], [134, 140], [140, 128], [140, 141], [166, -165], [166, 167], [167, -167], [167, -165], [167, 167], [184, 187], [208, -198], [208, 209], [209, -198], [209, 210]], "missing_branches": [[11, 10], [11, 21], [25, 26], [25, 27], [129, 130], [146, 145], [146, 149], [184, 185], [199, -1], [199, 198]], "functions": {"pytest_runtest_makereport": {"executed_lines": [13, 14, 17, 18], "summary": {"covered_lines": 4, "num_statements": 4, "percent_covered": 100.0, "percent_covered_display": "100", "missing_lines": 0, "excluded_lines": 0, "num_branches": 2, "num_partial_branches": 0, "covered_branches": 2, "missing_branches": 0}, "missing_lines": [], "excluded_lines": [], "executed_branches": [[17, -10], [17, 18]], "missing_branches": []}, "Match.__str__": {"executed_lines": [33, 34, 39], "summary": {"covered_lines": 3, "num_statements": 3, "percent_covered": 100.0, "percent_covered_display": "100", "missing_lines": 0, "excluded_lines": 0, "num_branches": 2, "num_partial_branches": 0, "covered_branches": 2, "missing_branches": 0}, "missing_lines": [], "excluded_lines": [], "executed_branches": [[39, -39], [39, -32], [39, 39]], "missing_branches": []}, "Checker.__init__": {"executed_lines": [49, 50, 51, 54, 55, 57, 59], "summary": {"covered_lines": 7, "num_statements": 7, "percent_covered": 100.0, "percent_covered_display": "100", "missing_lines": 0, "excluded_lines": 2, "num_branches": 0, "num_partial_branches": 0, "covered_branches": 0, "missing_branches": 0}, "missing_lines": [], "excluded_lines": [52, 56], "executed_branches": [], "missing_branches": []}, "Checker.__call__": {"executed_lines": [65], "summary": {"covered_lines": 1, "num_statements": 1, "percent_covered": 100.0, "percent_covered_display": "100", "missing_lines": 0, "excluded_lines": 0, "num_branches": 0, "num_partial_branches": 0, "covered_branches": 0, "missing_branches": 0}, "missing_lines": [], "excluded_lines": [], "executed_branches": [], "missing_branches": []}, "Checker._do_call": {"executed_lines": [68, 69, 70, 71, 73, 74, 76, 77, 78, 83, 84, 86], "summary": {"covered_lines": 12, "num_statements": 12, "percent_covered": 100.0, "percent_covered_display": "100", "missing_lines": 0, "excluded_lines": 0, "num_branches": 6, "num_partial_branches": 0, "covered_branches": 6, "missing_branches": 0}, "missing_lines": [], "excluded_lines": [], "executed_branches": [[73, 74], [73, 76], [76, 77], [76, 86], [86, -86], [86, -67], [86, 86]], "missing_branches": []}, "Checker._match_and_respond": {"executed_lines": [98, 104, 105, 107, 108], "summary": {"covered_lines": 5, "num_statements": 5, "percent_covered": 100.0, "percent_covered_display": "100", "missing_lines": 0, "excluded_lines": 0, "num_branches": 0, "num_partial_branches": 0, "covered_branches": 0, "missing_branches": 0}, "missing_lines": [], "excluded_lines": [], "executed_branches": [], "missing_branches": []}, "Checker.__getattr__": {"executed_lines": [111], "summary": {"covered_lines": 1, "num_statements": 1, "percent_covered": 100.0, "percent_covered_display": "100", "missing_lines": 0, "excluded_lines": 0, "num_branches": 0, "num_partial_branches": 0, "covered_branches": 0, "missing_branches": 0}, "missing_lines": [], "excluded_lines": [], "executed_branches": [], "missing_branches": []}, "Checker._signature": {"executed_lines": [114, 115, 120, 122], "summary": {"covered_lines": 4, "num_statements": 4, "percent_covered": 100.0, "percent_covered_display": "100", "missing_lines": 0, "excluded_lines": 0, "num_branches": 2, "num_partial_branches": 0, "covered_branches": 2, "missing_branches": 0}, "missing_lines": [], "excluded_lines": [], "executed_branches": [[115, 120], [115, 122]], "missing_branches": []}, "Checker._match": {"executed_lines": [125, 126, 128, 129, 132, 134, 135, 136, 137, 138, 140, 141, 143], "summary": {"covered_lines": 13, "num_statements": 14, "percent_covered": 91.66666666666667, "percent_covered_display": "92", "missing_lines": 1, "excluded_lines": 0, "num_branches": 10, "num_partial_branches": 1, "covered_branches": 9, "missing_branches": 1}, "missing_lines": [130], "excluded_lines": [], "executed_branches": [[125, 126], [125, 128], [128, 129], [128, 143], [129, 132], [134, 135], [134, 140], [140, 128], [140, 141]], "missing_branches": [[129, 130]]}, "Checker.register": {"executed_lines": [147], "summary": {"covered_lines": 1, "num_statements": 1, "percent_covered": 100.0, "percent_covered_display": "100", "missing_lines": 0, "excluded_lines": 0, "num_branches": 0, "num_partial_branches": 0, "covered_branches": 0, "missing_branches": 0}, "missing_lines": [], "excluded_lines": [], "executed_branches": [], "missing_branches": []}, "Checker._register": {"executed_lines": [150, 151, 153, 163], "summary": {"covered_lines": 4, "num_statements": 4, "percent_covered": 100.0, "percent_covered_display": "100", "missing_lines": 0, "excluded_lines": 0, "num_branches": 0, "num_partial_branches": 0, "covered_branches": 0, "missing_branches": 0}, "missing_lines": [], "excluded_lines": [], "executed_branches": [], "missing_branches": []}, "Checker._register._": {"executed_lines": [154], "summary": {"covered_lines": 1, "num_statements": 1, "percent_covered": 100.0, "percent_covered_display": "100", "missing_lines": 0, "excluded_lines": 0, "num_branches": 0, "num_partial_branches": 0, "covered_branches": 0, "missing_branches": 0}, "missing_lines": [], "excluded_lines": [], "executed_branches": [], "missing_branches": []}, "Checker.check_no_call_left": {"executed_lines": [166, 167], "summary": {"covered_lines": 2, "num_statements": 2, "percent_covered": 100.0, "percent_covered_display": "100", "missing_lines": 0, "excluded_lines": 0, "num_branches": 4, "num_partial_branches": 0, "covered_branches": 4, "missing_branches": 0}, "missing_lines": [], "excluded_lines": [], "executed_branches": [[166, -165], [166, 167], [167, -167], [167, -165], [167, 167]], "missing_branches": []}, "MetaCaller.__init__": {"executed_lines": [177, 178], "summary": {"covered_lines": 2, "num_statements": 2, "percent_covered": 100.0, "percent_covered_display": "100", "missing_lines": 0, "excluded_lines": 0, "num_branches": 0, "num_partial_branches": 0, "covered_branches": 0, "missing_branches": 0}, "missing_lines": [], "excluded_lines": [], "executed_branches": [], "missing_branches": []}, "MetaCaller.__call__": {"executed_lines": [181], "summary": {"covered_lines": 1, "num_statements": 1, "percent_covered": 100.0, "percent_covered_display": "100", "missing_lines": 0, "excluded_lines": 0, "num_branches": 0, "num_partial_branches": 0, "covered_branches": 0, "missing_branches": 0}, "missing_lines": [], "excluded_lines": [], "executed_branches": [], "missing_branches": []},